{"initial_reset_timestamp": 1701176331.9584594, "timestamps": [1701176346.943302], "episode_lengths": [4995], "episode_rewards": [-2.0], "episode_types": ["t"]}