{"initial_reset_timestamp": 1701176360.0276845, "timestamps": [1701176372.9231143], "episode_lengths": [4234], "episode_rewards": [8.0], "episode_types": ["t"]}