{"initial_reset_timestamp": 1701176347.4811895, "timestamps": [1701176359.4874842], "episode_lengths": [4375], "episode_rewards": [-9.0], "episode_types": ["t"]}